{
    "name": "negative_word",
    "roles": [
        "negative_word"
    ],
    "lookups": [
        "free-text",
        "keywords"
    ],
    "keywords": [
        {
            "keyword": "here",
            "synonyms": [
                "here"
            ]
        },
        {
            "keyword": "hey",
            "synonyms": [
                "h",
                "hey"
            ]
        },
        {
            "keyword": "hia",
            "synonyms": [
                "hia"
            ]
        },
        {
            "keyword": "hiya",
            "synonyms": [
                "hiya"
            ]
        },
        {
            "keyword": "ma",
            "synonyms": [
                "ma"
            ]
        },
        {
            "keyword": "mao",
            "synonyms": [
                "mao"
            ]
        },
        {
            "keyword": "maya",
            "synonyms": [
                "maya"
            ]
        },
        {
            "keyword": "miaow",
            "synonyms": [
                "miaow"
            ]
        },
        {
            "keyword": "yeah",
            "synonyms": [
                "yeah"
            ]
        }
    ]
}
