{
    "name": "wake_word",
    "roles": [
        "wake_word"
    ],
    "lookups": [
        "free-text",
        "keywords"
    ],
    "keywords": [
        {
            "keyword": "hey mia",
            "synonyms": [
                "hey mia"
            ]
        },
        {
            "keyword": "hey miya",
            "synonyms": [
                "hey miya"
            ]
        },
        {
            "keyword": "mia",
            "synonyms": [
                "mia"
            ]
        },
        {
            "keyword": "miya",
            "synonyms": [
                "mia",
                "miya"
            ]
        }
    ]
}
