{
    "utterances": [
        {
            "text": "hey ma",
            "entities": [
                {
                    "entity": "negative_word:negative_word",
                    "start": 4,
                    "end": 6,
                    "body": "ma",
                    "entities": []
                }
            ],
            "traits": [],
            "intent": "not_wake_word"
        },
        {
            "text": "hey mao",
            "entities": [
                {
                    "entity": "negative_word:negative_word",
                    "start": 4,
                    "end": 7,
                    "body": "mao",
                    "entities": []
                }
            ],
            "traits": [],
            "intent": "not_wake_word"
        },
        {
            "text": "hey miya",
            "entities": [
                {
                    "entity": "wake_word:wake_word",
                    "start": 4,
                    "end": 8,
                    "body": "miya",
                    "entities": []
                }
            ],
            "traits": [],
            "intent": "wake_word"
        },
        {
            "text": "hiya",
            "entities": [
                {
                    "entity": "negative_word:negative_word",
                    "start": 0,
                    "end": 4,
                    "body": "hiya",
                    "entities": []
                }
            ],
            "traits": [],
            "intent": "not_wake_word"
        },
        {
            "text": "mao",
            "entities": [
                {
                    "entity": "negative_word:negative_word",
                    "start": 0,
                    "end": 3,
                    "body": "mao",
                    "entities": []
                }
            ],
            "traits": [],
            "intent": "not_wake_word"
        },
        {
            "text": "maya",
            "entities": [
                {
                    "entity": "negative_word:negative_word",
                    "start": 0,
                    "end": 4,
                    "body": "maya",
                    "entities": []
                }
            ],
            "traits": [],
            "intent": "not_wake_word"
        },
        {
            "text": "mee-ya",
            "entities": [
                {
                    "entity": "wake_word:wake_word",
                    "start": 0,
                    "end": 6,
                    "body": "mee-ya",
                    "entities": []
                }
            ],
            "traits": [],
            "intent": "wake_word"
        },
        {
            "text": "mee-yah",
            "entities": [
                {
                    "entity": "wake_word:wake_word",
                    "start": 0,
                    "end": 7,
                    "body": "mee-yah",
                    "entities": []
                }
            ],
            "traits": [],
            "intent": "wake_word"
        },
        {
            "text": "mi-yaaa",
            "entities": [
                {
                    "entity": "wake_word:wake_word",
                    "start": 0,
                    "end": 7,
                    "body": "mi-yaaa",
                    "entities": []
                }
            ],
            "traits": [],
            "intent": "wake_word"
        },
        {
            "text": "mi-yah",
            "entities": [
                {
                    "entity": "wake_word:wake_word",
                    "start": 0,
                    "end": 6,
                    "body": "mi-yah",
                    "entities": []
                }
            ],
            "traits": [],
            "intent": "wake_word"
        },
        {
            "text": "mia",
            "entities": [
                {
                    "entity": "wake_word:wake_word",
                    "start": 0,
                    "end": 3,
                    "body": "mia",
                    "entities": []
                }
            ],
            "traits": [],
            "intent": "wake_word"
        },
        {
            "text": "mii-a",
            "entities": [
                {
                    "entity": "wake_word:wake_word",
                    "start": 0,
                    "end": 5,
                    "body": "mii-a",
                    "entities": []
                }
            ],
            "traits": [],
            "intent": "wake_word"
        },
        {
            "text": "miyah",
            "entities": [
                {
                    "entity": "wake_word:wake_word",
                    "start": 0,
                    "end": 4,
                    "body": "miya",
                    "entities": []
                }
            ],
            "traits": [],
            "intent": "wake_word"
        },
        {
            "text": "miyya",
            "entities": [
                {
                    "entity": "wake_word:wake_word",
                    "start": 0,
                    "end": 5,
                    "body": "miyya",
                    "entities": []
                }
            ],
            "traits": [],
            "intent": "wake_word"
        },
        {
            "text": "my-yah",
            "entities": [],
            "traits": [],
            "intent": "wake_word"
        },
        {
            "text": "\ubbf8\uc57c",
            "entities": [],
            "traits": [],
            "intent": "wake_word"
        },
        {
            "text": "\ubbf8\uc57c \uc57c",
            "entities": [],
            "traits": [],
            "intent": "wake_word"
        }
    ]
}
