{
    "name": "negative_word",
    "roles": [
        "negative_word"
    ],
    "lookups": [
        "free-text",
        "keywords"
    ],
    "keywords": [
        {
            "keyword": "hiya",
            "synonyms": [
                "hiya"
            ]
        },
        {
            "keyword": "maya",
            "synonyms": [
                "maya"
            ]
        },
        {
            "keyword": "miaa",
            "synonyms": [
                "miaa"
            ]
        },
        {
            "keyword": "miaow",
            "synonyms": [
                "miaow"
            ]
        }
    ]
}
